Target	Clone	TotalSeq A#	Barcode	Isotype_control	ncounts	ncells	protein_name
CD117	104D2	61	AGACTAATAGCTGAC	Mouse_IgG1	1958636.0	109844	CD117
CD119	GIR-208	219	TGTGTATTCCCTTGT	Mouse_IgG1	1825992.0	208751	CD119
CD140A	16A1	128	ATGCGCCGAGAATTA	Mouse_IgG1	689121.0	62317	CD140a
CD140B	18A2	129	CAATGGTTCACTGCC	Mouse_IgG1	322194.0	94374	CD140b
CD172a	15-414	408	CGTGTTTAACTTGAG	Mouse_IgG2a	866783.0	159289	CD172a
CD184	12G5 	366	TCAGGTCCTTTCAAC	Mouse_IgG2a	6860296.0	133766	CD184
CD202B	33.1	588	CGATCCCTTACCTAT	Mouse_IgG1	126985.0	72538	CD202b
CD274	29.E2.A3	7	GTTGTCCGACAATAC	Mouse_IgG2b	4634427.0	209732	CD274
CD29	TS2/16	369	GTATTCCCTCAGTCA	Mouse_IgG1	37730224.0	218326	CD29
CD309	7D4-6	362	TTCACGCAGTAAGAT	Mouse_IgG1	251917.0	80143	CD309
CD44	BJ18	125	AATCCTTCCGAATGT	Mouse_IgG1	147227984.0	218327	CD44
CD47	CC2C6	26	GCATTCTGTCACCTA	Mouse_IgG1	8865179.0	218238	CD47
CD49f	goH3	70	TTCCGAGGATGATCT	Rat_IgG2a	6154331.0	215585	CD49f
CD58	TS2/9	174	GTTCCTATGGACGAC	Mouse_IgG1	1674685.0	208761	CD58
CD59	p282(H19)	361	AATTAGCCGTCGAGA	Mouse_IgG2a	2558371.0	212580	CD59
CD61	VI-PL2	372	AGGTTGGAGTAGACT	Mouse_IgG1	272382.0	114924	CD61
HLA-ABC	W6/32	58	TATGCGAGGCTTATC	Mouse_IgG2a	7478935.0	217836	HLA_A
Rat IgG2a Isotype Ctrl 	RTK2758 	238	AAGTCAGGTTCGTTT	nan	246604.0	104848	Rat_IgG2a
Mouse IgG1 isotype Ctrl 	MOPC-21	90	GCCGGACGACATTAA	nan	139912.0	59924	Mouse_IgG1
Mouse IgG2a isotype Ctrl  	MOPC-173	91	CTCCTACCTAAACTG	nan	98066.0	60680	Mouse_IgG2a
Mouse IgG2b Isotype Ctrl 	MPC-11	92	ATATGTATCACGCGA	nan	81711.0	49720	Mouse_IgG2b
HLA-E	3D12	918	GAGTCGAGAAATCAT	Mouse_IgG1	1591676.0	103186	HLA_E
CD9 	HI9a	579	GAGTCACCAATCTGC	Mouse_IgG1	12060609.0	218181	CD9
CD279	EH12.2H7	88	ACAGCGCCGTATTTA	Mouse_IgG1	411244.0	106301	CD279
